user_id,contact_id,post_id,date_posted,post_text
5,11,1,4/25/2025,Fusce consequat. Nulla nisl. Nunc nisl.
8,7,2,4/25/2025,Nulla tempus. Vivamus in felis eu sapien cursus vestibulum.
7,6,3,4/20/2025,"Vestibulum ante ipsum primis in faucibus orci luctus et ultrices posuere cubilia Curae; Nulla dapibus dolor vel est. Donec odio justo, sollicitudin ut, suscipit a, feugiat et, eros. Vestibulum ac est lacinia nisi venenatis tristique. Fusce congue, diam id ornare imperdiet, sapien urna pretium nisl, ut volutpat sapien arcu sed augue."
8,2,4,4/25/2025,Etiam justo. Etiam pretium iaculis justo. In hac habitasse platea dictumst. Etiam faucibus cursus urna.
3,9,5,4/23/2025,"Praesent lectus. Vestibulum quam sapien, varius ut, blandit non, interdum in, ante."
6,7,6,4/25/2025,"Morbi odio odio, elementum eu, interdum eu, tincidunt in, leo. Maecenas pulvinar lobortis est. Phasellus sit amet erat. Nulla tempus."
2,4,7,4/25/2025,Suspendisse accumsan tortor quis turpis. Sed ante. Vivamus tortor. Duis mattis egestas metus.
6,5,8,4/20/2025,Phasellus id sapien in sapien iaculis congue.
7,8,9,4/20/2025,Cras non velit nec nisi vulputate nonummy. Maecenas tincidunt lacus at velit. Vivamus vel nulla eget eros elementum pellentesque. Quisque porta volutpat erat.
9,1,10,4/24/2025,"Nulla nisl. Nunc nisl. Duis bibendum, felis sed interdum venenatis, turpis enim blandit mi, in porttitor pede justo eu massa."
11,7,11,4/20/2025,"Vestibulum quam sapien, varius ut, blandit non, interdum in, ante. Vestibulum ante ipsum primis in faucibus orci luctus et ultrices posuere cubilia Curae; Duis faucibus accumsan odio. Curabitur convallis. Duis consequat dui nec nisi volutpat eleifend. Donec ut dolor."
3,9,12,4/21/2025,In quis justo.
5,11,13,4/23/2025,In congue. Etiam justo.
2,1,14,4/24/2025,Vivamus vel nulla eget eros elementum pellentesque. Quisque porta volutpat erat.
10,10,15,4/24/2025,Mauris sit amet eros. Suspendisse accumsan tortor quis turpis. Sed ante.
3,7,16,4/25/2025,"Suspendisse ornare consequat lectus. In est risus, auctor sed, tristique in, tempus sit amet, sem."
7,3,17,4/20/2025,"Lorem ipsum dolor sit amet, consectetuer adipiscing elit. Proin risus."
6,7,18,4/21/2025,"Cras in purus eu magna vulputate luctus. Cum sociis natoque penatibus et magnis dis parturient montes, nascetur ridiculus mus. Vivamus vestibulum sagittis sapien. Cum sociis natoque penatibus et magnis dis parturient montes, nascetur ridiculus mus."
11,10,19,4/25/2025,"Proin leo odio, porttitor id, consequat in, consequat ut, nulla. Sed accumsan felis."
5,7,20,4/23/2025,"In tempor, turpis nec euismod scelerisque, quam turpis adipiscing lorem, vitae mattis nibh ligula nec sem. Duis aliquam convallis nunc. Proin at turpis a pede posuere nonummy. Integer non velit."
10,8,21,4/25/2025,"Vestibulum quam sapien, varius ut, blandit non, interdum in, ante."
2,9,22,4/24/2025,"Ut at dolor quis odio consequat varius. Integer ac leo. Pellentesque ultrices mattis odio. Donec vitae nisi. Nam ultrices, libero non mattis pulvinar, nulla pede ullamcorper augue, a suscipit nulla elit ac nulla."
8,5,23,4/24/2025,"Pellentesque ultrices mattis odio. Donec vitae nisi. Nam ultrices, libero non mattis pulvinar, nulla pede ullamcorper augue, a suscipit nulla elit ac nulla."
6,11,24,4/20/2025,Integer ac neque. Duis bibendum. Morbi non quam nec dui luctus rutrum. Nulla tellus. In sagittis dui vel nisl.
3,7,25,4/23/2025,"Quisque id justo sit amet sapien dignissim vestibulum. Vestibulum ante ipsum primis in faucibus orci luctus et ultrices posuere cubilia Curae; Nulla dapibus dolor vel est. Donec odio justo, sollicitudin ut, suscipit a, feugiat et, eros. Vestibulum ac est lacinia nisi venenatis tristique. Fusce congue, diam id ornare imperdiet, sapien urna pretium nisl, ut volutpat sapien arcu sed augue."
1,8,26,4/23/2025,Mauris lacinia sapien quis libero. Nullam sit amet turpis elementum ligula vehicula consequat. Morbi a ipsum.
9,10,27,4/23/2025,Donec dapibus.
9,9,28,4/21/2025,Donec posuere metus vitae ipsum. Aliquam non mauris. Morbi non lectus.
4,1,29,4/22/2025,Duis bibendum. Morbi non quam nec dui luctus rutrum.
8,5,30,4/21/2025,Praesent id massa id nisl venenatis lacinia. Aenean sit amet justo.
7,3,31,4/21/2025,Nullam molestie nibh in lectus. Pellentesque at nulla. Suspendisse potenti. Cras in purus eu magna vulputate luctus.
9,2,32,4/21/2025,Nunc rhoncus dui vel sem.
7,10,33,4/22/2025,Ut tellus. Nulla ut erat id mauris vulputate elementum. Nullam varius. Nulla facilisi. Cras non velit nec nisi vulputate nonummy.
2,1,34,4/22/2025,"Donec vitae nisi. Nam ultrices, libero non mattis pulvinar, nulla pede ullamcorper augue, a suscipit nulla elit ac nulla. Sed vel enim sit amet nunc viverra dapibus."
9,3,35,4/25/2025,"Nunc nisl. Duis bibendum, felis sed interdum venenatis, turpis enim blandit mi, in porttitor pede justo eu massa. Donec dapibus. Duis at velit eu est congue elementum. In hac habitasse platea dictumst."
1,5,36,4/22/2025,Nullam sit amet turpis elementum ligula vehicula consequat.
3,2,37,4/20/2025,Suspendisse accumsan tortor quis turpis. Sed ante. Vivamus tortor. Duis mattis egestas metus. Aenean fermentum.
10,4,38,4/20/2025,Suspendisse potenti. Nullam porttitor lacus at turpis. Donec posuere metus vitae ipsum. Aliquam non mauris.
1,5,39,4/22/2025,"Nunc nisl. Duis bibendum, felis sed interdum venenatis, turpis enim blandit mi, in porttitor pede justo eu massa. Donec dapibus. Duis at velit eu est congue elementum. In hac habitasse platea dictumst."
3,4,40,4/21/2025,Vestibulum ante ipsum primis in faucibus orci luctus et ultrices posuere cubilia Curae; Duis faucibus accumsan odio. Curabitur convallis.
6,9,41,4/24/2025,Integer ac leo. Pellentesque ultrices mattis odio.
4,5,42,4/22/2025,In hac habitasse platea dictumst. Etiam faucibus cursus urna. Ut tellus. Nulla ut erat id mauris vulputate elementum.
4,8,43,4/21/2025,Ut tellus. Nulla ut erat id mauris vulputate elementum. Nullam varius. Nulla facilisi.
6,1,44,4/24/2025,Integer tincidunt ante vel ipsum. Praesent blandit lacinia erat. Vestibulum sed magna at nunc commodo placerat. Praesent blandit. Nam nulla.
10,7,45,4/24/2025,"Cum sociis natoque penatibus et magnis dis parturient montes, nascetur ridiculus mus."
11,5,46,4/24/2025,Sed ante. Vivamus tortor. Duis mattis egestas metus.
9,11,47,4/23/2025,"Proin at turpis a pede posuere nonummy. Integer non velit. Donec diam neque, vestibulum eget, vulputate ut, ultrices vel, augue. Vestibulum ante ipsum primis in faucibus orci luctus et ultrices posuere cubilia Curae; Donec pharetra, magna vestibulum aliquet ultrices, erat tortor sollicitudin mi, sit amet lobortis sapien sapien non mi."
9,2,48,4/22/2025,Maecenas tincidunt lacus at velit. Vivamus vel nulla eget eros elementum pellentesque.
5,9,49,4/20/2025,"Praesent blandit. Nam nulla. Integer pede justo, lacinia eget, tincidunt eget, tempus vel, pede. Morbi porttitor lorem id ligula. Suspendisse ornare consequat lectus."
11,1,50,4/21/2025,Aenean auctor gravida sem.
1,7,51,4/20/2025,"Nulla neque libero, convallis eget, eleifend luctus, ultricies eu, nibh."
3,9,52,4/23/2025,"Morbi vestibulum, velit id pretium iaculis, diam erat fermentum justo, nec condimentum neque sapien placerat ante. Nulla justo. Aliquam quis turpis eget elit sodales scelerisque. Mauris sit amet eros. Suspendisse accumsan tortor quis turpis."
3,1,53,4/22/2025,Vivamus tortor. Duis mattis egestas metus. Aenean fermentum. Donec ut mauris eget massa tempor convallis.
11,8,54,4/24/2025,"Quisque ut erat. Curabitur gravida nisi at nibh. In hac habitasse platea dictumst. Aliquam augue quam, sollicitudin vitae, consectetuer eget, rutrum at, lorem. Integer tincidunt ante vel ipsum."
4,1,55,4/24/2025,Quisque ut erat. Curabitur gravida nisi at nibh. In hac habitasse platea dictumst.
6,10,56,4/21/2025,"Aenean fermentum. Donec ut mauris eget massa tempor convallis. Nulla neque libero, convallis eget, eleifend luctus, ultricies eu, nibh."
5,4,57,4/24/2025,"Nulla neque libero, convallis eget, eleifend luctus, ultricies eu, nibh."
10,3,58,4/20/2025,"Phasellus id sapien in sapien iaculis congue. Vivamus metus arcu, adipiscing molestie, hendrerit at, vulputate vitae, nisl. Aenean lectus."
11,5,59,4/21/2025,"Suspendisse ornare consequat lectus. In est risus, auctor sed, tristique in, tempus sit amet, sem."
11,8,60,4/21/2025,"Donec odio justo, sollicitudin ut, suscipit a, feugiat et, eros. Vestibulum ac est lacinia nisi venenatis tristique. Fusce congue, diam id ornare imperdiet, sapien urna pretium nisl, ut volutpat sapien arcu sed augue."
8,5,61,4/20/2025,"Morbi porttitor lorem id ligula. Suspendisse ornare consequat lectus. In est risus, auctor sed, tristique in, tempus sit amet, sem. Fusce consequat."
8,4,62,4/23/2025,"Nam dui. Proin leo odio, porttitor id, consequat in, consequat ut, nulla."
1,9,63,4/23/2025,"Duis ac nibh. Fusce lacus purus, aliquet at, feugiat non, pretium quis, lectus. Suspendisse potenti."
4,6,64,4/22/2025,"Mauris enim leo, rhoncus sed, vestibulum sit amet, cursus id, turpis. Integer aliquet, massa id lobortis convallis, tortor risus dapibus augue, vel accumsan tellus nisi eu orci. Mauris lacinia sapien quis libero. Nullam sit amet turpis elementum ligula vehicula consequat."
8,3,65,4/21/2025,"Maecenas rhoncus aliquam lacus. Morbi quis tortor id nulla ultrices aliquet. Maecenas leo odio, condimentum id, luctus nec, molestie sed, justo."
3,4,66,4/25/2025,Nulla mollis molestie lorem. Quisque ut erat. Curabitur gravida nisi at nibh. In hac habitasse platea dictumst.
8,11,67,4/24/2025,"Vestibulum ante ipsum primis in faucibus orci luctus et ultrices posuere cubilia Curae; Donec pharetra, magna vestibulum aliquet ultrices, erat tortor sollicitudin mi, sit amet lobortis sapien sapien non mi. Integer ac neque."
6,3,68,4/21/2025,In congue.
11,9,69,4/23/2025,"Praesent lectus. Vestibulum quam sapien, varius ut, blandit non, interdum in, ante. Vestibulum ante ipsum primis in faucibus orci luctus et ultrices posuere cubilia Curae; Duis faucibus accumsan odio."
7,3,70,4/23/2025,"Lorem ipsum dolor sit amet, consectetuer adipiscing elit. Proin risus. Praesent lectus. Vestibulum quam sapien, varius ut, blandit non, interdum in, ante."
8,6,71,4/20/2025,"Vivamus vel nulla eget eros elementum pellentesque. Quisque porta volutpat erat. Quisque erat eros, viverra eget, congue eget, semper rutrum, nulla. Nunc purus."
8,9,72,4/20/2025,Fusce consequat. Nulla nisl. Nunc nisl.
5,7,73,4/25/2025,Praesent blandit.
4,10,74,4/23/2025,"Vivamus vestibulum sagittis sapien. Cum sociis natoque penatibus et magnis dis parturient montes, nascetur ridiculus mus."
4,6,75,4/23/2025,"Quisque porta volutpat erat. Quisque erat eros, viverra eget, congue eget, semper rutrum, nulla. Nunc purus. Phasellus in felis. Donec semper sapien a libero."
10,4,76,4/20/2025,In quis justo.
11,10,77,4/25/2025,Nulla nisl. Nunc nisl.
7,11,78,4/25/2025,"Proin interdum mauris non ligula pellentesque ultrices. Phasellus id sapien in sapien iaculis congue. Vivamus metus arcu, adipiscing molestie, hendrerit at, vulputate vitae, nisl. Aenean lectus. Pellentesque eget nunc."
8,6,79,4/25/2025,Donec quis orci eget orci vehicula condimentum.
1,2,80,4/21/2025,Donec quis orci eget orci vehicula condimentum. Curabitur in libero ut massa volutpat convallis.
7,1,81,4/20/2025,"Aliquam sit amet diam in magna bibendum imperdiet. Nullam orci pede, venenatis non, sodales sed, tincidunt eu, felis. Fusce posuere felis sed lacus. Morbi sem mauris, laoreet ut, rhoncus aliquet, pulvinar sed, nisl. Nunc rhoncus dui vel sem."
9,10,82,4/20/2025,Curabitur gravida nisi at nibh. In hac habitasse platea dictumst.
4,2,83,4/24/2025,"Donec odio justo, sollicitudin ut, suscipit a, feugiat et, eros. Vestibulum ac est lacinia nisi venenatis tristique."
9,3,84,4/23/2025,Sed sagittis.
8,5,85,4/22/2025,In congue. Etiam justo. Etiam pretium iaculis justo.
5,7,86,4/22/2025,Nullam molestie nibh in lectus. Pellentesque at nulla. Suspendisse potenti. Cras in purus eu magna vulputate luctus.
7,9,87,4/22/2025,"Duis ac nibh. Fusce lacus purus, aliquet at, feugiat non, pretium quis, lectus. Suspendisse potenti. In eleifend quam a odio. In hac habitasse platea dictumst."
9,6,88,4/25/2025,In hac habitasse platea dictumst. Etiam faucibus cursus urna. Ut tellus.
7,3,89,4/24/2025,"Fusce congue, diam id ornare imperdiet, sapien urna pretium nisl, ut volutpat sapien arcu sed augue. Aliquam erat volutpat. In congue."
5,4,90,4/24/2025,Integer tincidunt ante vel ipsum. Praesent blandit lacinia erat. Vestibulum sed magna at nunc commodo placerat. Praesent blandit.
3,3,91,4/23/2025,"Vestibulum ante ipsum primis in faucibus orci luctus et ultrices posuere cubilia Curae; Nulla dapibus dolor vel est. Donec odio justo, sollicitudin ut, suscipit a, feugiat et, eros."
7,11,92,4/23/2025,In hac habitasse platea dictumst. Etiam faucibus cursus urna. Ut tellus. Nulla ut erat id mauris vulputate elementum. Nullam varius.
6,7,93,4/20/2025,Suspendisse accumsan tortor quis turpis. Sed ante.
4,5,94,4/24/2025,"Pellentesque at nulla. Suspendisse potenti. Cras in purus eu magna vulputate luctus. Cum sociis natoque penatibus et magnis dis parturient montes, nascetur ridiculus mus. Vivamus vestibulum sagittis sapien."
8,1,95,4/25/2025,Nulla mollis molestie lorem. Quisque ut erat. Curabitur gravida nisi at nibh. In hac habitasse platea dictumst.
1,4,96,4/23/2025,"Donec vitae nisi. Nam ultrices, libero non mattis pulvinar, nulla pede ullamcorper augue, a suscipit nulla elit ac nulla. Sed vel enim sit amet nunc viverra dapibus. Nulla suscipit ligula in lacus. Curabitur at ipsum ac tellus semper interdum."
1,7,97,4/23/2025,"Proin risus. Praesent lectus. Vestibulum quam sapien, varius ut, blandit non, interdum in, ante. Vestibulum ante ipsum primis in faucibus orci luctus et ultrices posuere cubilia Curae; Duis faucibus accumsan odio."
7,4,98,4/21/2025,Vestibulum ante ipsum primis in faucibus orci luctus et ultrices posuere cubilia Curae; Duis faucibus accumsan odio. Curabitur convallis. Duis consequat dui nec nisi volutpat eleifend.
4,11,99,4/22/2025,Aenean lectus.
6,6,100,4/25/2025,"Vestibulum ac est lacinia nisi venenatis tristique. Fusce congue, diam id ornare imperdiet, sapien urna pretium nisl, ut volutpat sapien arcu sed augue. Aliquam erat volutpat."
5,3,101,4/23/2025,"Vivamus in felis eu sapien cursus vestibulum. Proin eu mi. Nulla ac enim. In tempor, turpis nec euismod scelerisque, quam turpis adipiscing lorem, vitae mattis nibh ligula nec sem."
1,11,102,4/25/2025,Donec dapibus.
6,7,103,4/24/2025,"Cum sociis natoque penatibus et magnis dis parturient montes, nascetur ridiculus mus. Etiam vel augue."
11,7,104,4/22/2025,"Donec odio justo, sollicitudin ut, suscipit a, feugiat et, eros. Vestibulum ac est lacinia nisi venenatis tristique. Fusce congue, diam id ornare imperdiet, sapien urna pretium nisl, ut volutpat sapien arcu sed augue. Aliquam erat volutpat. In congue."
2,10,105,4/24/2025,Morbi porttitor lorem id ligula.
11,3,106,4/25/2025,Curabitur gravida nisi at nibh.
11,4,107,4/21/2025,Morbi non lectus. Aliquam sit amet diam in magna bibendum imperdiet.
6,6,108,4/24/2025,"In quis justo. Maecenas rhoncus aliquam lacus. Morbi quis tortor id nulla ultrices aliquet. Maecenas leo odio, condimentum id, luctus nec, molestie sed, justo. Pellentesque viverra pede ac diam."
11,7,109,4/23/2025,Etiam vel augue.
5,10,110,4/24/2025,Vestibulum ac est lacinia nisi venenatis tristique.
4,6,111,4/25/2025,"Vivamus metus arcu, adipiscing molestie, hendrerit at, vulputate vitae, nisl. Aenean lectus. Pellentesque eget nunc. Donec quis orci eget orci vehicula condimentum. Curabitur in libero ut massa volutpat convallis."
4,6,112,4/24/2025,Aenean sit amet justo.
9,10,113,4/25/2025,"Vestibulum sed magna at nunc commodo placerat. Praesent blandit. Nam nulla. Integer pede justo, lacinia eget, tincidunt eget, tempus vel, pede."
1,7,114,4/23/2025,Duis bibendum. Morbi non quam nec dui luctus rutrum. Nulla tellus.
7,5,115,4/20/2025,"Morbi sem mauris, laoreet ut, rhoncus aliquet, pulvinar sed, nisl. Nunc rhoncus dui vel sem. Sed sagittis."
9,6,116,4/21/2025,"Lorem ipsum dolor sit amet, consectetuer adipiscing elit. Proin interdum mauris non ligula pellentesque ultrices. Phasellus id sapien in sapien iaculis congue."
11,4,117,4/24/2025,"Duis mattis egestas metus. Aenean fermentum. Donec ut mauris eget massa tempor convallis. Nulla neque libero, convallis eget, eleifend luctus, ultricies eu, nibh."
1,4,118,4/23/2025,"Donec ut mauris eget massa tempor convallis. Nulla neque libero, convallis eget, eleifend luctus, ultricies eu, nibh. Quisque id justo sit amet sapien dignissim vestibulum. Vestibulum ante ipsum primis in faucibus orci luctus et ultrices posuere cubilia Curae; Nulla dapibus dolor vel est."
5,8,119,4/25/2025,Duis bibendum.
4,9,120,4/24/2025,"Duis ac nibh. Fusce lacus purus, aliquet at, feugiat non, pretium quis, lectus. Suspendisse potenti."
6,11,121,4/22/2025,Vestibulum ante ipsum primis in faucibus orci luctus et ultrices posuere cubilia Curae; Duis faucibus accumsan odio. Curabitur convallis. Duis consequat dui nec nisi volutpat eleifend. Donec ut dolor.
9,7,122,4/20/2025,"Cras in purus eu magna vulputate luctus. Cum sociis natoque penatibus et magnis dis parturient montes, nascetur ridiculus mus. Vivamus vestibulum sagittis sapien. Cum sociis natoque penatibus et magnis dis parturient montes, nascetur ridiculus mus."
9,11,123,4/20/2025,Suspendisse accumsan tortor quis turpis. Sed ante. Vivamus tortor. Duis mattis egestas metus. Aenean fermentum.
2,1,124,4/21/2025,Vestibulum ante ipsum primis in faucibus orci luctus et ultrices posuere cubilia Curae; Duis faucibus accumsan odio. Curabitur convallis. Duis consequat dui nec nisi volutpat eleifend.
6,7,125,4/21/2025,Nullam porttitor lacus at turpis. Donec posuere metus vitae ipsum.
7,11,126,4/21/2025,"Duis bibendum, felis sed interdum venenatis, turpis enim blandit mi, in porttitor pede justo eu massa. Donec dapibus. Duis at velit eu est congue elementum."
6,3,127,4/24/2025,Suspendisse ornare consequat lectus.
11,11,128,4/25/2025,"Vestibulum ante ipsum primis in faucibus orci luctus et ultrices posuere cubilia Curae; Nulla dapibus dolor vel est. Donec odio justo, sollicitudin ut, suscipit a, feugiat et, eros. Vestibulum ac est lacinia nisi venenatis tristique."
1,2,129,4/25/2025,"Nam dui. Proin leo odio, porttitor id, consequat in, consequat ut, nulla. Sed accumsan felis. Ut at dolor quis odio consequat varius."
5,11,130,4/22/2025,Nulla facilisi. Cras non velit nec nisi vulputate nonummy. Maecenas tincidunt lacus at velit. Vivamus vel nulla eget eros elementum pellentesque.
1,9,131,4/24/2025,"Vestibulum ante ipsum primis in faucibus orci luctus et ultrices posuere cubilia Curae; Donec pharetra, magna vestibulum aliquet ultrices, erat tortor sollicitudin mi, sit amet lobortis sapien sapien non mi."
3,2,132,4/21/2025,Maecenas tincidunt lacus at velit.
5,9,133,4/22/2025,"Curabitur in libero ut massa volutpat convallis. Morbi odio odio, elementum eu, interdum eu, tincidunt in, leo. Maecenas pulvinar lobortis est. Phasellus sit amet erat. Nulla tempus."
3,9,134,4/24/2025,Integer ac neque. Duis bibendum.
11,3,135,4/24/2025,"Fusce lacus purus, aliquet at, feugiat non, pretium quis, lectus. Suspendisse potenti. In eleifend quam a odio. In hac habitasse platea dictumst."
3,11,136,4/22/2025,"Quisque porta volutpat erat. Quisque erat eros, viverra eget, congue eget, semper rutrum, nulla."
11,4,137,4/24/2025,Cras pellentesque volutpat dui.
6,11,138,4/20/2025,Aenean fermentum.
8,6,139,4/21/2025,Proin interdum mauris non ligula pellentesque ultrices. Phasellus id sapien in sapien iaculis congue.
8,9,140,4/24/2025,Integer ac neque. Duis bibendum. Morbi non quam nec dui luctus rutrum. Nulla tellus.
3,2,141,4/23/2025,"Ut at dolor quis odio consequat varius. Integer ac leo. Pellentesque ultrices mattis odio. Donec vitae nisi. Nam ultrices, libero non mattis pulvinar, nulla pede ullamcorper augue, a suscipit nulla elit ac nulla."
11,8,142,4/20/2025,"Morbi ut odio. Cras mi pede, malesuada in, imperdiet et, commodo vulputate, justo."
5,8,143,4/22/2025,Sed ante. Vivamus tortor.
8,8,144,4/20/2025,"Lorem ipsum dolor sit amet, consectetuer adipiscing elit."
9,3,145,4/24/2025,"Sed vel enim sit amet nunc viverra dapibus. Nulla suscipit ligula in lacus. Curabitur at ipsum ac tellus semper interdum. Mauris ullamcorper purus sit amet nulla. Quisque arcu libero, rutrum ac, lobortis vel, dapibus at, diam."
11,8,146,4/23/2025,Nulla facilisi.
6,8,147,4/23/2025,Donec dapibus. Duis at velit eu est congue elementum.
3,2,148,4/22/2025,"Proin risus. Praesent lectus. Vestibulum quam sapien, varius ut, blandit non, interdum in, ante."
11,2,149,4/22/2025,"Fusce posuere felis sed lacus. Morbi sem mauris, laoreet ut, rhoncus aliquet, pulvinar sed, nisl. Nunc rhoncus dui vel sem. Sed sagittis. Nam congue, risus semper porta volutpat, quam pede lobortis ligula, sit amet eleifend pede libero quis orci."
8,5,150,4/24/2025,"Nam ultrices, libero non mattis pulvinar, nulla pede ullamcorper augue, a suscipit nulla elit ac nulla. Sed vel enim sit amet nunc viverra dapibus. Nulla suscipit ligula in lacus. Curabitur at ipsum ac tellus semper interdum. Mauris ullamcorper purus sit amet nulla."
4,1,151,4/20/2025,"In blandit ultrices enim. Lorem ipsum dolor sit amet, consectetuer adipiscing elit."
4,4,152,4/24/2025,Donec vitae nisi.
3,11,153,4/23/2025,Morbi non lectus. Aliquam sit amet diam in magna bibendum imperdiet.
4,3,154,4/25/2025,Maecenas pulvinar lobortis est. Phasellus sit amet erat. Nulla tempus.
11,3,155,4/23/2025,"In sagittis dui vel nisl. Duis ac nibh. Fusce lacus purus, aliquet at, feugiat non, pretium quis, lectus."
4,10,156,4/24/2025,Pellentesque at nulla. Suspendisse potenti. Cras in purus eu magna vulputate luctus.
10,5,157,4/25/2025,"Nam congue, risus semper porta volutpat, quam pede lobortis ligula, sit amet eleifend pede libero quis orci. Nullam molestie nibh in lectus. Pellentesque at nulla. Suspendisse potenti."
5,8,158,4/20/2025,"Integer pede justo, lacinia eget, tincidunt eget, tempus vel, pede."
1,4,159,4/20/2025,Mauris lacinia sapien quis libero. Nullam sit amet turpis elementum ligula vehicula consequat. Morbi a ipsum. Integer a nibh. In quis justo.
2,5,160,4/22/2025,"Morbi sem mauris, laoreet ut, rhoncus aliquet, pulvinar sed, nisl. Nunc rhoncus dui vel sem. Sed sagittis. Nam congue, risus semper porta volutpat, quam pede lobortis ligula, sit amet eleifend pede libero quis orci. Nullam molestie nibh in lectus."
3,10,161,4/24/2025,"Donec ut dolor. Morbi vel lectus in quam fringilla rhoncus. Mauris enim leo, rhoncus sed, vestibulum sit amet, cursus id, turpis. Integer aliquet, massa id lobortis convallis, tortor risus dapibus augue, vel accumsan tellus nisi eu orci. Mauris lacinia sapien quis libero."
3,2,162,4/24/2025,Morbi porttitor lorem id ligula.
11,1,163,4/24/2025,Proin at turpis a pede posuere nonummy.
8,11,164,4/25/2025,"Integer pede justo, lacinia eget, tincidunt eget, tempus vel, pede. Morbi porttitor lorem id ligula. Suspendisse ornare consequat lectus. In est risus, auctor sed, tristique in, tempus sit amet, sem. Fusce consequat."
3,7,165,4/24/2025,Nullam varius.
3,3,166,4/25/2025,"Nulla suscipit ligula in lacus. Curabitur at ipsum ac tellus semper interdum. Mauris ullamcorper purus sit amet nulla. Quisque arcu libero, rutrum ac, lobortis vel, dapibus at, diam."
6,3,167,4/20/2025,Maecenas ut massa quis augue luctus tincidunt.
7,9,168,4/21/2025,"Aliquam augue quam, sollicitudin vitae, consectetuer eget, rutrum at, lorem. Integer tincidunt ante vel ipsum. Praesent blandit lacinia erat. Vestibulum sed magna at nunc commodo placerat. Praesent blandit."
7,8,169,4/20/2025,"Morbi vel lectus in quam fringilla rhoncus. Mauris enim leo, rhoncus sed, vestibulum sit amet, cursus id, turpis."
3,6,170,4/20/2025,Donec posuere metus vitae ipsum. Aliquam non mauris. Morbi non lectus.
7,10,171,4/20/2025,Nullam molestie nibh in lectus.
1,6,172,4/23/2025,"Donec quis orci eget orci vehicula condimentum. Curabitur in libero ut massa volutpat convallis. Morbi odio odio, elementum eu, interdum eu, tincidunt in, leo."
9,3,173,4/24/2025,"Morbi odio odio, elementum eu, interdum eu, tincidunt in, leo. Maecenas pulvinar lobortis est."
8,4,174,4/21/2025,"Nulla ac enim. In tempor, turpis nec euismod scelerisque, quam turpis adipiscing lorem, vitae mattis nibh ligula nec sem. Duis aliquam convallis nunc. Proin at turpis a pede posuere nonummy. Integer non velit."
10,1,175,4/25/2025,Nulla nisl. Nunc nisl.
2,7,176,4/25/2025,Nullam porttitor lacus at turpis.
7,11,177,4/22/2025,"Integer non velit. Donec diam neque, vestibulum eget, vulputate ut, ultrices vel, augue. Vestibulum ante ipsum primis in faucibus orci luctus et ultrices posuere cubilia Curae; Donec pharetra, magna vestibulum aliquet ultrices, erat tortor sollicitudin mi, sit amet lobortis sapien sapien non mi. Integer ac neque."
5,10,178,4/23/2025,Integer ac leo.
3,5,179,4/22/2025,Sed accumsan felis. Ut at dolor quis odio consequat varius.
8,5,180,4/24/2025,"Maecenas tincidunt lacus at velit. Vivamus vel nulla eget eros elementum pellentesque. Quisque porta volutpat erat. Quisque erat eros, viverra eget, congue eget, semper rutrum, nulla. Nunc purus."
3,3,181,4/25/2025,"Mauris enim leo, rhoncus sed, vestibulum sit amet, cursus id, turpis. Integer aliquet, massa id lobortis convallis, tortor risus dapibus augue, vel accumsan tellus nisi eu orci. Mauris lacinia sapien quis libero."
11,6,182,4/25/2025,Vivamus tortor. Duis mattis egestas metus.
10,7,183,4/20/2025,"Integer aliquet, massa id lobortis convallis, tortor risus dapibus augue, vel accumsan tellus nisi eu orci. Mauris lacinia sapien quis libero."
2,2,184,4/23/2025,Suspendisse potenti. Nullam porttitor lacus at turpis. Donec posuere metus vitae ipsum. Aliquam non mauris. Morbi non lectus.
4,3,185,4/22/2025,Aliquam quis turpis eget elit sodales scelerisque. Mauris sit amet eros. Suspendisse accumsan tortor quis turpis. Sed ante.
9,10,186,4/20/2025,"Nulla suscipit ligula in lacus. Curabitur at ipsum ac tellus semper interdum. Mauris ullamcorper purus sit amet nulla. Quisque arcu libero, rutrum ac, lobortis vel, dapibus at, diam."
7,11,187,4/20/2025,Cras non velit nec nisi vulputate nonummy. Maecenas tincidunt lacus at velit. Vivamus vel nulla eget eros elementum pellentesque. Quisque porta volutpat erat.
7,5,188,4/24/2025,"In hac habitasse platea dictumst. Morbi vestibulum, velit id pretium iaculis, diam erat fermentum justo, nec condimentum neque sapien placerat ante. Nulla justo."
2,5,189,4/22/2025,Vivamus tortor. Duis mattis egestas metus. Aenean fermentum. Donec ut mauris eget massa tempor convallis.
10,9,190,4/23/2025,Pellentesque viverra pede ac diam. Cras pellentesque volutpat dui.
9,8,191,4/20/2025,Vestibulum ante ipsum primis in faucibus orci luctus et ultrices posuere cubilia Curae; Mauris viverra diam vitae quam. Suspendisse potenti. Nullam porttitor lacus at turpis. Donec posuere metus vitae ipsum. Aliquam non mauris.
7,2,192,4/24/2025,"Praesent blandit lacinia erat. Vestibulum sed magna at nunc commodo placerat. Praesent blandit. Nam nulla. Integer pede justo, lacinia eget, tincidunt eget, tempus vel, pede."
2,11,193,4/21/2025,Duis mattis egestas metus. Aenean fermentum. Donec ut mauris eget massa tempor convallis.
9,10,194,4/21/2025,"Duis consequat dui nec nisi volutpat eleifend. Donec ut dolor. Morbi vel lectus in quam fringilla rhoncus. Mauris enim leo, rhoncus sed, vestibulum sit amet, cursus id, turpis."
10,8,195,4/25/2025,"Nam dui. Proin leo odio, porttitor id, consequat in, consequat ut, nulla. Sed accumsan felis. Ut at dolor quis odio consequat varius."
1,1,196,4/21/2025,"Praesent id massa id nisl venenatis lacinia. Aenean sit amet justo. Morbi ut odio. Cras mi pede, malesuada in, imperdiet et, commodo vulputate, justo. In blandit ultrices enim."
3,5,197,4/21/2025,Mauris lacinia sapien quis libero. Nullam sit amet turpis elementum ligula vehicula consequat. Morbi a ipsum. Integer a nibh.
11,10,198,4/20/2025,Nullam porttitor lacus at turpis. Donec posuere metus vitae ipsum. Aliquam non mauris. Morbi non lectus.
11,2,199,4/22/2025,Integer ac neque.
5,6,200,4/21/2025,Aenean fermentum.
